orderNumber,orderDate,status,ordersCnumb,paymentsCnumb,paymentDate,amount
10123,2003-05-20,Shipped,103,103,2004-10-19,6066.78
10298,2004-09-27,Shipped,103,103,2004-10-19,6066.78
10345,2004-11-25,Shipped,103,103,2004-10-19,6066.78
10123,2003-05-20,Shipped,103,103,2003-06-05,14571.44
10298,2004-09-27,Shipped,103,103,2003-06-05,14571.44
10345,2004-11-25,Shipped,103,103,2003-06-05,14571.44
10123,2003-05-20,Shipped,103,103,2004-12-18,1676.14
10298,2004-09-27,Shipped,103,103,2004-12-18,1676.14
10345,2004-11-25,Shipped,103,103,2004-12-18,1676.14
10124,2003-05-21,Shipped,112,112,2004-12-17,14191.12
10278,2004-08-06,Shipped,112,112,2004-12-17,14191.12
10346,2004-11-29,Shipped,112,112,2004-12-17,14191.12
10124,2003-05-21,Shipped,112,112,2003-06-06,32641.98
10278,2004-08-06,Shipped,112,112,2003-06-06,32641.98
10346,2004-11-29,Shipped,112,112,2003-06-06,32641.98
10124,2003-05-21,Shipped,112,112,2004-08-20,33347.88
10278,2004-08-06,Shipped,112,112,2004-08-20,33347.88
10346,2004-11-29,Shipped,112,112,2004-08-20,33347.88
10120,2003-04-29,Shipped,114,114,2003-05-20,45864.03
10125,2003-05-21,Shipped,114,114,2003-05-20,45864.03
10223,2004-02-20,Shipped,114,114,2003-05-20,45864.03
10342,2004-11-24,Shipped,114,114,2003-05-20,45864.03
10347,2004-11-29,Shipped,114,114,2003-05-20,45864.03
10120,2003-04-29,Shipped,114,114,2004-12-15,82261.22
10125,2003-05-21,Shipped,114,114,2004-12-15,82261.22
10223,2004-02-20,Shipped,114,114,2004-12-15,82261.22
10342,2004-11-24,Shipped,114,114,2004-12-15,82261.22
10347,2004-11-29,Shipped,114,114,2004-12-15,82261.22
10120,2003-04-29,Shipped,114,114,2003-05-31,7565.08
10125,2003-05-21,Shipped,114,114,2003-05-31,7565.08
10223,2004-02-20,Shipped,114,114,2003-05-31,7565.08
10342,2004-11-24,Shipped,114,114,2003-05-31,7565.08
10347,2004-11-29,Shipped,114,114,2003-05-31,7565.08
10120,2003-04-29,Shipped,114,114,2004-03-10,44894.74
10125,2003-05-21,Shipped,114,114,2004-03-10,44894.74
10223,2004-02-20,Shipped,114,114,2004-03-10,44894.74
10342,2004-11-24,Shipped,114,114,2004-03-10,44894.74
10347,2004-11-29,Shipped,114,114,2004-03-10,44894.74
10275,2004-07-23,Shipped,119,119,2004-11-14,19501.82
10315,2004-10-29,Shipped,119,119,2004-11-14,19501.82
10375,2005-02-03,Shipped,119,119,2004-11-14,19501.82
10425,2005-05-31,"In Process",119,119,2004-11-14,19501.82
10275,2004-07-23,Shipped,119,119,2004-08-08,47924.19
10315,2004-10-29,Shipped,119,119,2004-08-08,47924.19
10375,2005-02-03,Shipped,119,119,2004-08-08,47924.19
10425,2005-05-31,"In Process",119,119,2004-08-08,47924.19
10275,2004-07-23,Shipped,119,119,2005-02-22,49523.67
10315,2004-10-29,Shipped,119,119,2005-02-22,49523.67
10375,2005-02-03,Shipped,119,119,2005-02-22,49523.67
10425,2005-05-31,"In Process",119,119,2005-02-22,49523.67
10103,2003-01-29,Shipped,121,121,2003-02-16,50218.95
10158,2003-10-10,Shipped,121,121,2003-02-16,50218.95
10309,2004-10-15,Shipped,121,121,2003-02-16,50218.95
10325,2004-11-05,Shipped,121,121,2003-02-16,50218.95
10103,2003-01-29,Shipped,121,121,2003-10-28,1491.38
10158,2003-10-10,Shipped,121,121,2003-10-28,1491.38
10309,2004-10-15,Shipped,121,121,2003-10-28,1491.38
10325,2004-11-05,Shipped,121,121,2003-10-28,1491.38
10103,2003-01-29,Shipped,121,121,2004-11-04,17876.32
10158,2003-10-10,Shipped,121,121,2004-11-04,17876.32
10309,2004-10-15,Shipped,121,121,2004-11-04,17876.32
10325,2004-11-05,Shipped,121,121,2004-11-04,17876.32
10103,2003-01-29,Shipped,121,121,2004-11-28,34638.14
10158,2003-10-10,Shipped,121,121,2004-11-28,34638.14
10309,2004-10-15,Shipped,121,121,2004-11-28,34638.14
10325,2004-11-05,Shipped,121,121,2004-11-28,34638.14
10113,2003-03-26,Shipped,124,124,2005-03-05,101244.59
10135,2003-07-02,Shipped,124,124,2005-03-05,101244.59
10142,2003-08-08,Shipped,124,124,2005-03-05,101244.59
10182,2003-11-12,Shipped,124,124,2005-03-05,101244.59
10229,2004-03-11,Shipped,124,124,2005-03-05,101244.59
10271,2004-07-20,Shipped,124,124,2005-03-05,101244.59
10282,2004-08-20,Shipped,124,124,2005-03-05,101244.59
10312,2004-10-21,Shipped,124,124,2005-03-05,101244.59
10335,2004-11-19,Shipped,124,124,2005-03-05,101244.59
10357,2004-12-10,Shipped,124,124,2005-03-05,101244.59
10368,2005-01-19,Shipped,124,124,2005-03-05,101244.59
10371,2005-01-23,Shipped,124,124,2005-03-05,101244.59
10382,2005-02-17,Shipped,124,124,2005-03-05,101244.59
10385,2005-02-28,Shipped,124,124,2005-03-05,101244.59
10390,2005-03-04,Shipped,124,124,2005-03-05,101244.59
10396,2005-03-23,Shipped,124,124,2005-03-05,101244.59
10421,2005-05-29,"In Process",124,124,2005-03-05,101244.59
10113,2003-03-26,Shipped,124,124,2004-08-28,85410.87
10135,2003-07-02,Shipped,124,124,2004-08-28,85410.87
10142,2003-08-08,Shipped,124,124,2004-08-28,85410.87
10182,2003-11-12,Shipped,124,124,2004-08-28,85410.87
10229,2004-03-11,Shipped,124,124,2004-08-28,85410.87
10271,2004-07-20,Shipped,124,124,2004-08-28,85410.87
10282,2004-08-20,Shipped,124,124,2004-08-28,85410.87
10312,2004-10-21,Shipped,124,124,2004-08-28,85410.87
10335,2004-11-19,Shipped,124,124,2004-08-28,85410.87
10357,2004-12-10,Shipped,124,124,2004-08-28,85410.87
10368,2005-01-19,Shipped,124,124,2004-08-28,85410.87
10371,2005-01-23,Shipped,124,124,2004-08-28,85410.87
10382,2005-02-17,Shipped,124,124,2004-08-28,85410.87
10385,2005-02-28,Shipped,124,124,2004-08-28,85410.87
10390,2005-03-04,Shipped,124,124,2004-08-28,85410.87
10396,2005-03-23,Shipped,124,124,2004-08-28,85410.87
10421,2005-05-29,"In Process",124,124,2004-08-28,85410.87
10113,2003-03-26,Shipped,124,124,2003-04-11,11044.30
10135,2003-07-02,Shipped,124,124,2003-04-11,11044.30
10142,2003-08-08,Shipped,124,124,2003-04-11,11044.30
10182,2003-11-12,Shipped,124,124,2003-04-11,11044.30
10229,2004-03-11,Shipped,124,124,2003-04-11,11044.30
10271,2004-07-20,Shipped,124,124,2003-04-11,11044.30
10282,2004-08-20,Shipped,124,124,2003-04-11,11044.30
10312,2004-10-21,Shipped,124,124,2003-04-11,11044.30
10335,2004-11-19,Shipped,124,124,2003-04-11,11044.30
10357,2004-12-10,Shipped,124,124,2003-04-11,11044.30
10368,2005-01-19,Shipped,124,124,2003-04-11,11044.30
10371,2005-01-23,Shipped,124,124,2003-04-11,11044.30
10382,2005-02-17,Shipped,124,124,2003-04-11,11044.30
10385,2005-02-28,Shipped,124,124,2003-04-11,11044.30
10390,2005-03-04,Shipped,124,124,2003-04-11,11044.30
10396,2005-03-23,Shipped,124,124,2003-04-11,11044.30
10421,2005-05-29,"In Process",124,124,2003-04-11,11044.30
10113,2003-03-26,Shipped,124,124,2005-04-16,83598.04
10135,2003-07-02,Shipped,124,124,2005-04-16,83598.04
10142,2003-08-08,Shipped,124,124,2005-04-16,83598.04
10182,2003-11-12,Shipped,124,124,2005-04-16,83598.04
10229,2004-03-11,Shipped,124,124,2005-04-16,83598.04
10271,2004-07-20,Shipped,124,124,2005-04-16,83598.04
10282,2004-08-20,Shipped,124,124,2005-04-16,83598.04
10312,2004-10-21,Shipped,124,124,2005-04-16,83598.04
10335,2004-11-19,Shipped,124,124,2005-04-16,83598.04
10357,2004-12-10,Shipped,124,124,2005-04-16,83598.04
10368,2005-01-19,Shipped,124,124,2005-04-16,83598.04
10371,2005-01-23,Shipped,124,124,2005-04-16,83598.04
10382,2005-02-17,Shipped,124,124,2005-04-16,83598.04
10385,2005-02-28,Shipped,124,124,2005-04-16,83598.04
10390,2005-03-04,Shipped,124,124,2005-04-16,83598.04
10396,2005-03-23,Shipped,124,124,2005-04-16,83598.04
10421,2005-05-29,"In Process",124,124,2005-04-16,83598.04
10113,2003-03-26,Shipped,124,124,2004-12-27,47142.70
10135,2003-07-02,Shipped,124,124,2004-12-27,47142.70
10142,2003-08-08,Shipped,124,124,2004-12-27,47142.70
10182,2003-11-12,Shipped,124,124,2004-12-27,47142.70
10229,2004-03-11,Shipped,124,124,2004-12-27,47142.70
10271,2004-07-20,Shipped,124,124,2004-12-27,47142.70
10282,2004-08-20,Shipped,124,124,2004-12-27,47142.70
10312,2004-10-21,Shipped,124,124,2004-12-27,47142.70
10335,2004-11-19,Shipped,124,124,2004-12-27,47142.70
10357,2004-12-10,Shipped,124,124,2004-12-27,47142.70
10368,2005-01-19,Shipped,124,124,2004-12-27,47142.70
10371,2005-01-23,Shipped,124,124,2004-12-27,47142.70
10382,2005-02-17,Shipped,124,124,2004-12-27,47142.70
10385,2005-02-28,Shipped,124,124,2004-12-27,47142.70
10390,2005-03-04,Shipped,124,124,2004-12-27,47142.70
10396,2005-03-23,Shipped,124,124,2004-12-27,47142.70
10421,2005-05-29,"In Process",124,124,2004-12-27,47142.70
10113,2003-03-26,Shipped,124,124,2004-11-02,55639.66
10135,2003-07-02,Shipped,124,124,2004-11-02,55639.66
10142,2003-08-08,Shipped,124,124,2004-11-02,55639.66
10182,2003-11-12,Shipped,124,124,2004-11-02,55639.66
10229,2004-03-11,Shipped,124,124,2004-11-02,55639.66
10271,2004-07-20,Shipped,124,124,2004-11-02,55639.66
10282,2004-08-20,Shipped,124,124,2004-11-02,55639.66
10312,2004-10-21,Shipped,124,124,2004-11-02,55639.66
10335,2004-11-19,Shipped,124,124,2004-11-02,55639.66
10357,2004-12-10,Shipped,124,124,2004-11-02,55639.66
10368,2005-01-19,Shipped,124,124,2004-11-02,55639.66
10371,2005-01-23,Shipped,124,124,2004-11-02,55639.66
10382,2005-02-17,Shipped,124,124,2004-11-02,55639.66
10385,2005-02-28,Shipped,124,124,2004-11-02,55639.66
10390,2005-03-04,Shipped,124,124,2004-11-02,55639.66
10396,2005-03-23,Shipped,124,124,2004-11-02,55639.66
10421,2005-05-29,"In Process",124,124,2004-11-02,55639.66
10113,2003-03-26,Shipped,124,124,2003-08-15,111654.40
10135,2003-07-02,Shipped,124,124,2003-08-15,111654.40
10142,2003-08-08,Shipped,124,124,2003-08-15,111654.40
10182,2003-11-12,Shipped,124,124,2003-08-15,111654.40
10229,2004-03-11,Shipped,124,124,2003-08-15,111654.40
10271,2004-07-20,Shipped,124,124,2003-08-15,111654.40
10282,2004-08-20,Shipped,124,124,2003-08-15,111654.40
10312,2004-10-21,Shipped,124,124,2003-08-15,111654.40
10335,2004-11-19,Shipped,124,124,2003-08-15,111654.40
10357,2004-12-10,Shipped,124,124,2003-08-15,111654.40
10368,2005-01-19,Shipped,124,124,2003-08-15,111654.40
10371,2005-01-23,Shipped,124,124,2003-08-15,111654.40
10382,2005-02-17,Shipped,124,124,2003-08-15,111654.40
10385,2005-02-28,Shipped,124,124,2003-08-15,111654.40
10390,2005-03-04,Shipped,124,124,2003-08-15,111654.40
10396,2005-03-23,Shipped,124,124,2003-08-15,111654.40
10421,2005-05-29,"In Process",124,124,2003-08-15,111654.40
10113,2003-03-26,Shipped,124,124,2004-03-26,43369.30
10135,2003-07-02,Shipped,124,124,2004-03-26,43369.30
10142,2003-08-08,Shipped,124,124,2004-03-26,43369.30
10182,2003-11-12,Shipped,124,124,2004-03-26,43369.30
10229,2004-03-11,Shipped,124,124,2004-03-26,43369.30
10271,2004-07-20,Shipped,124,124,2004-03-26,43369.30
10282,2004-08-20,Shipped,124,124,2004-03-26,43369.30
10312,2004-10-21,Shipped,124,124,2004-03-26,43369.30
10335,2004-11-19,Shipped,124,124,2004-03-26,43369.30
10357,2004-12-10,Shipped,124,124,2004-03-26,43369.30
10368,2005-01-19,Shipped,124,124,2004-03-26,43369.30
10371,2005-01-23,Shipped,124,124,2004-03-26,43369.30
10382,2005-02-17,Shipped,124,124,2004-03-26,43369.30
10385,2005-02-28,Shipped,124,124,2004-03-26,43369.30
10390,2005-03-04,Shipped,124,124,2004-03-26,43369.30
10396,2005-03-23,Shipped,124,124,2004-03-26,43369.30
10421,2005-05-29,"In Process",124,124,2004-03-26,43369.30
10113,2003-03-26,Shipped,124,124,2003-11-25,45084.38
10135,2003-07-02,Shipped,124,124,2003-11-25,45084.38
10142,2003-08-08,Shipped,124,124,2003-11-25,45084.38
10182,2003-11-12,Shipped,124,124,2003-11-25,45084.38
10229,2004-03-11,Shipped,124,124,2003-11-25,45084.38
10271,2004-07-20,Shipped,124,124,2003-11-25,45084.38
10282,2004-08-20,Shipped,124,124,2003-11-25,45084.38
10312,2004-10-21,Shipped,124,124,2003-11-25,45084.38
10335,2004-11-19,Shipped,124,124,2003-11-25,45084.38
10357,2004-12-10,Shipped,124,124,2003-11-25,45084.38
10368,2005-01-19,Shipped,124,124,2003-11-25,45084.38
10371,2005-01-23,Shipped,124,124,2003-11-25,45084.38
10382,2005-02-17,Shipped,124,124,2003-11-25,45084.38
10385,2005-02-28,Shipped,124,124,2003-11-25,45084.38
10390,2005-03-04,Shipped,124,124,2003-11-25,45084.38
10396,2005-03-23,Shipped,124,124,2003-11-25,45084.38
10421,2005-05-29,"In Process",124,124,2003-11-25,45084.38
10101,2003-01-09,Shipped,128,128,2003-01-28,10549.01
10230,2004-03-15,Shipped,128,128,2003-01-28,10549.01
10300,2003-10-04,Shipped,128,128,2003-01-28,10549.01
10323,2004-11-05,Shipped,128,128,2003-01-28,10549.01
10101,2003-01-09,Shipped,128,128,2003-10-18,24101.81
10230,2004-03-15,Shipped,128,128,2003-10-18,24101.81
10300,2003-10-04,Shipped,128,128,2003-10-18,24101.81
10323,2004-11-05,Shipped,128,128,2003-10-18,24101.81
10101,2003-01-09,Shipped,128,128,2004-03-24,33820.62
10230,2004-03-15,Shipped,128,128,2004-03-24,33820.62
10300,2003-10-04,Shipped,128,128,2004-03-24,33820.62
10323,2004-11-05,Shipped,128,128,2004-03-24,33820.62
10101,2003-01-09,Shipped,128,128,2004-11-18,7466.32
10230,2004-03-15,Shipped,128,128,2004-11-18,7466.32
10300,2003-10-04,Shipped,128,128,2004-11-18,7466.32
10323,2004-11-05,Shipped,128,128,2004-11-18,7466.32
10111,2003-03-25,Shipped,129,129,2004-12-08,26248.78
10201,2003-12-01,Shipped,129,129,2004-12-08,26248.78
10333,2004-11-18,Shipped,129,129,2004-12-08,26248.78
10111,2003-03-25,Shipped,129,129,2003-12-11,23923.93
10201,2003-12-01,Shipped,129,129,2003-12-11,23923.93
10333,2004-11-18,Shipped,129,129,2003-12-11,23923.93
10111,2003-03-25,Shipped,129,129,2003-04-09,16537.85
10201,2003-12-01,Shipped,129,129,2003-04-09,16537.85
10333,2004-11-18,Shipped,129,129,2003-04-09,16537.85
10107,2003-02-24,Shipped,131,131,2003-03-12,22292.62
10248,2004-05-07,Cancelled,131,131,2003-03-12,22292.62
10292,2004-09-08,Shipped,131,131,2003-03-12,22292.62
10329,2004-11-15,Shipped,131,131,2003-03-12,22292.62
10107,2003-02-24,Shipped,131,131,2004-12-02,50025.35
10248,2004-05-07,Cancelled,131,131,2004-12-02,50025.35
10292,2004-09-08,Shipped,131,131,2004-12-02,50025.35
10329,2004-11-15,Shipped,131,131,2004-12-02,50025.35
10107,2003-02-24,Shipped,131,131,2004-09-11,35321.97
10248,2004-05-07,Cancelled,131,131,2004-09-11,35321.97
10292,2004-09-08,Shipped,131,131,2004-09-11,35321.97
10329,2004-11-15,Shipped,131,131,2004-09-11,35321.97
10104,2003-01-31,Shipped,141,141,2003-07-19,36251.03
10128,2003-06-06,Shipped,141,141,2003-07-19,36251.03
10133,2003-06-27,Shipped,141,141,2003-07-19,36251.03
10153,2003-09-28,Shipped,141,141,2003-07-19,36251.03
10156,2003-10-08,Shipped,141,141,2003-07-19,36251.03
10190,2003-11-19,Shipped,141,141,2003-07-19,36251.03
10203,2003-12-02,Shipped,141,141,2003-07-19,36251.03
10205,2003-12-03,Shipped,141,141,2003-07-19,36251.03
10212,2004-01-16,Shipped,141,141,2003-07-19,36251.03
10244,2004-04-29,Shipped,141,141,2003-07-19,36251.03
10246,2004-05-05,Shipped,141,141,2003-07-19,36251.03
10262,2004-06-24,Cancelled,141,141,2003-07-19,36251.03
10279,2004-08-09,Shipped,141,141,2003-07-19,36251.03
10311,2004-10-16,Shipped,141,141,2003-07-19,36251.03
10350,2004-12-02,Shipped,141,141,2003-07-19,36251.03
10355,2004-12-07,Shipped,141,141,2003-07-19,36251.03
10358,2004-12-10,Shipped,141,141,2003-07-19,36251.03
10378,2005-02-10,Shipped,141,141,2003-07-19,36251.03
10379,2005-02-10,Shipped,141,141,2003-07-19,36251.03
10380,2005-02-16,Shipped,141,141,2003-07-19,36251.03
10383,2005-02-22,Shipped,141,141,2003-07-19,36251.03
10386,2005-03-01,Resolved,141,141,2003-07-19,36251.03
10394,2005-03-15,Shipped,141,141,2003-07-19,36251.03
10412,2005-05-03,Shipped,141,141,2003-07-19,36251.03
10417,2005-05-13,Disputed,141,141,2003-07-19,36251.03
10424,2005-05-31,"In Process",141,141,2003-07-19,36251.03
10104,2003-01-31,Shipped,141,141,2004-11-01,36140.38
10128,2003-06-06,Shipped,141,141,2004-11-01,36140.38
10133,2003-06-27,Shipped,141,141,2004-11-01,36140.38
10153,2003-09-28,Shipped,141,141,2004-11-01,36140.38
10156,2003-10-08,Shipped,141,141,2004-11-01,36140.38
10190,2003-11-19,Shipped,141,141,2004-11-01,36140.38
10203,2003-12-02,Shipped,141,141,2004-11-01,36140.38
10205,2003-12-03,Shipped,141,141,2004-11-01,36140.38
10212,2004-01-16,Shipped,141,141,2004-11-01,36140.38
10244,2004-04-29,Shipped,141,141,2004-11-01,36140.38
10246,2004-05-05,Shipped,141,141,2004-11-01,36140.38
10262,2004-06-24,Cancelled,141,141,2004-11-01,36140.38
10279,2004-08-09,Shipped,141,141,2004-11-01,36140.38
10311,2004-10-16,Shipped,141,141,2004-11-01,36140.38
10350,2004-12-02,Shipped,141,141,2004-11-01,36140.38
10355,2004-12-07,Shipped,141,141,2004-11-01,36140.38
10358,2004-12-10,Shipped,141,141,2004-11-01,36140.38
10378,2005-02-10,Shipped,141,141,2004-11-01,36140.38
10379,2005-02-10,Shipped,141,141,2004-11-01,36140.38
10380,2005-02-16,Shipped,141,141,2004-11-01,36140.38
10383,2005-02-22,Shipped,141,141,2004-11-01,36140.38
10386,2005-03-01,Resolved,141,141,2004-11-01,36140.38
10394,2005-03-15,Shipped,141,141,2004-11-01,36140.38
10412,2005-05-03,Shipped,141,141,2004-11-01,36140.38
10417,2005-05-13,Disputed,141,141,2004-11-01,36140.38
10424,2005-05-31,"In Process",141,141,2004-11-01,36140.38
10104,2003-01-31,Shipped,141,141,2005-05-19,46895.48
10128,2003-06-06,Shipped,141,141,2005-05-19,46895.48
10133,2003-06-27,Shipped,141,141,2005-05-19,46895.48
10153,2003-09-28,Shipped,141,141,2005-05-19,46895.48
10156,2003-10-08,Shipped,141,141,2005-05-19,46895.48
10190,2003-11-19,Shipped,141,141,2005-05-19,46895.48
10203,2003-12-02,Shipped,141,141,2005-05-19,46895.48
10205,2003-12-03,Shipped,141,141,2005-05-19,46895.48
10212,2004-01-16,Shipped,141,141,2005-05-19,46895.48
10244,2004-04-29,Shipped,141,141,2005-05-19,46895.48
10246,2004-05-05,Shipped,141,141,2005-05-19,46895.48
10262,2004-06-24,Cancelled,141,141,2005-05-19,46895.48
10279,2004-08-09,Shipped,141,141,2005-05-19,46895.48
10311,2004-10-16,Shipped,141,141,2005-05-19,46895.48
10350,2004-12-02,Shipped,141,141,2005-05-19,46895.48
10355,2004-12-07,Shipped,141,141,2005-05-19,46895.48
10358,2004-12-10,Shipped,141,141,2005-05-19,46895.48
10378,2005-02-10,Shipped,141,141,2005-05-19,46895.48
10379,2005-02-10,Shipped,141,141,2005-05-19,46895.48
10380,2005-02-16,Shipped,141,141,2005-05-19,46895.48
10383,2005-02-22,Shipped,141,141,2005-05-19,46895.48
10386,2005-03-01,Resolved,141,141,2005-05-19,46895.48
10394,2005-03-15,Shipped,141,141,2005-05-19,46895.48
10412,2005-05-03,Shipped,141,141,2005-05-19,46895.48
10417,2005-05-13,Disputed,141,141,2005-05-19,46895.48
10424,2005-05-31,"In Process",141,141,2005-05-19,46895.48
10104,2003-01-31,Shipped,141,141,2004-01-30,59830.55
10128,2003-06-06,Shipped,141,141,2004-01-30,59830.55
10133,2003-06-27,Shipped,141,141,2004-01-30,59830.55
10153,2003-09-28,Shipped,141,141,2004-01-30,59830.55
10156,2003-10-08,Shipped,141,141,2004-01-30,59830.55
10190,2003-11-19,Shipped,141,141,2004-01-30,59830.55
10203,2003-12-02,Shipped,141,141,2004-01-30,59830.55
10205,2003-12-03,Shipped,141,141,2004-01-30,59830.55
10212,2004-01-16,Shipped,141,141,2004-01-30,59830.55
10244,2004-04-29,Shipped,141,141,2004-01-30,59830.55
10246,2004-05-05,Shipped,141,141,2004-01-30,59830.55
10262,2004-06-24,Cancelled,141,141,2004-01-30,59830.55
10279,2004-08-09,Shipped,141,141,2004-01-30,59830.55
10311,2004-10-16,Shipped,141,141,2004-01-30,59830.55
10350,2004-12-02,Shipped,141,141,2004-01-30,59830.55
10355,2004-12-07,Shipped,141,141,2004-01-30,59830.55
10358,2004-12-10,Shipped,141,141,2004-01-30,59830.55
10378,2005-02-10,Shipped,141,141,2004-01-30,59830.55
10379,2005-02-10,Shipped,141,141,2004-01-30,59830.55
10380,2005-02-16,Shipped,141,141,2004-01-30,59830.55
10383,2005-02-22,Shipped,141,141,2004-01-30,59830.55
10386,2005-03-01,Resolved,141,141,2004-01-30,59830.55
10394,2005-03-15,Shipped,141,141,2004-01-30,59830.55
10412,2005-05-03,Shipped,141,141,2004-01-30,59830.55
10417,2005-05-13,Disputed,141,141,2004-01-30,59830.55
10424,2005-05-31,"In Process",141,141,2004-01-30,59830.55
10104,2003-01-31,Shipped,141,141,2004-12-31,116208.40
10128,2003-06-06,Shipped,141,141,2004-12-31,116208.40
10133,2003-06-27,Shipped,141,141,2004-12-31,116208.40
10153,2003-09-28,Shipped,141,141,2004-12-31,116208.40
10156,2003-10-08,Shipped,141,141,2004-12-31,116208.40
10190,2003-11-19,Shipped,141,141,2004-12-31,116208.40
10203,2003-12-02,Shipped,141,141,2004-12-31,116208.40
10205,2003-12-03,Shipped,141,141,2004-12-31,116208.40
10212,2004-01-16,Shipped,141,141,2004-12-31,116208.40
10244,2004-04-29,Shipped,141,141,2004-12-31,116208.40
10246,2004-05-05,Shipped,141,141,2004-12-31,116208.40
10262,2004-06-24,Cancelled,141,141,2004-12-31,116208.40
10279,2004-08-09,Shipped,141,141,2004-12-31,116208.40
10311,2004-10-16,Shipped,141,141,2004-12-31,116208.40
10350,2004-12-02,Shipped,141,141,2004-12-31,116208.40
10355,2004-12-07,Shipped,141,141,2004-12-31,116208.40
10358,2004-12-10,Shipped,141,141,2004-12-31,116208.40
10378,2005-02-10,Shipped,141,141,2004-12-31,116208.40
10379,2005-02-10,Shipped,141,141,2004-12-31,116208.40
10380,2005-02-16,Shipped,141,141,2004-12-31,116208.40
10383,2005-02-22,Shipped,141,141,2004-12-31,116208.40
10386,2005-03-01,Resolved,141,141,2004-12-31,116208.40
10394,2005-03-15,Shipped,141,141,2004-12-31,116208.40
10412,2005-05-03,Shipped,141,141,2004-12-31,116208.40
10417,2005-05-13,Disputed,141,141,2004-12-31,116208.40
10424,2005-05-31,"In Process",141,141,2004-12-31,116208.40
10104,2003-01-31,Shipped,141,141,2005-03-25,65071.26
10128,2003-06-06,Shipped,141,141,2005-03-25,65071.26
10133,2003-06-27,Shipped,141,141,2005-03-25,65071.26
10153,2003-09-28,Shipped,141,141,2005-03-25,65071.26
10156,2003-10-08,Shipped,141,141,2005-03-25,65071.26
10190,2003-11-19,Shipped,141,141,2005-03-25,65071.26
10203,2003-12-02,Shipped,141,141,2005-03-25,65071.26
10205,2003-12-03,Shipped,141,141,2005-03-25,65071.26
10212,2004-01-16,Shipped,141,141,2005-03-25,65071.26
10244,2004-04-29,Shipped,141,141,2005-03-25,65071.26
10246,2004-05-05,Shipped,141,141,2005-03-25,65071.26
10262,2004-06-24,Cancelled,141,141,2005-03-25,65071.26
10279,2004-08-09,Shipped,141,141,2005-03-25,65071.26
10311,2004-10-16,Shipped,141,141,2005-03-25,65071.26
10350,2004-12-02,Shipped,141,141,2005-03-25,65071.26
10355,2004-12-07,Shipped,141,141,2005-03-25,65071.26
10358,2004-12-10,Shipped,141,141,2005-03-25,65071.26
10378,2005-02-10,Shipped,141,141,2005-03-25,65071.26
10379,2005-02-10,Shipped,141,141,2005-03-25,65071.26
10380,2005-02-16,Shipped,141,141,2005-03-25,65071.26
10383,2005-02-22,Shipped,141,141,2005-03-25,65071.26
10386,2005-03-01,Resolved,141,141,2005-03-25,65071.26
10394,2005-03-15,Shipped,141,141,2005-03-25,65071.26
10412,2005-05-03,Shipped,141,141,2005-03-25,65071.26
10417,2005-05-13,Disputed,141,141,2005-03-25,65071.26
10424,2005-05-31,"In Process",141,141,2005-03-25,65071.26
10104,2003-01-31,Shipped,141,141,2005-03-18,120166.58
10128,2003-06-06,Shipped,141,141,2005-03-18,120166.58
10133,2003-06-27,Shipped,141,141,2005-03-18,120166.58
10153,2003-09-28,Shipped,141,141,2005-03-18,120166.58
10156,2003-10-08,Shipped,141,141,2005-03-18,120166.58
10190,2003-11-19,Shipped,141,141,2005-03-18,120166.58
10203,2003-12-02,Shipped,141,141,2005-03-18,120166.58
10205,2003-12-03,Shipped,141,141,2005-03-18,120166.58
10212,2004-01-16,Shipped,141,141,2005-03-18,120166.58
10244,2004-04-29,Shipped,141,141,2005-03-18,120166.58
10246,2004-05-05,Shipped,141,141,2005-03-18,120166.58
10262,2004-06-24,Cancelled,141,141,2005-03-18,120166.58
10279,2004-08-09,Shipped,141,141,2005-03-18,120166.58
10311,2004-10-16,Shipped,141,141,2005-03-18,120166.58
10350,2004-12-02,Shipped,141,141,2005-03-18,120166.58
10355,2004-12-07,Shipped,141,141,2005-03-18,120166.58
10358,2004-12-10,Shipped,141,141,2005-03-18,120166.58
10378,2005-02-10,Shipped,141,141,2005-03-18,120166.58
10379,2005-02-10,Shipped,141,141,2005-03-18,120166.58
10380,2005-02-16,Shipped,141,141,2005-03-18,120166.58
10383,2005-02-22,Shipped,141,141,2005-03-18,120166.58
10386,2005-03-01,Resolved,141,141,2005-03-18,120166.58
10394,2005-03-15,Shipped,141,141,2005-03-18,120166.58
10412,2005-05-03,Shipped,141,141,2005-03-18,120166.58
10417,2005-05-13,Disputed,141,141,2005-03-18,120166.58
10424,2005-05-31,"In Process",141,141,2005-03-18,120166.58
10104,2003-01-31,Shipped,141,141,2003-10-26,49539.37
10128,2003-06-06,Shipped,141,141,2003-10-26,49539.37
10133,2003-06-27,Shipped,141,141,2003-10-26,49539.37
10153,2003-09-28,Shipped,141,141,2003-10-26,49539.37
10156,2003-10-08,Shipped,141,141,2003-10-26,49539.37
10190,2003-11-19,Shipped,141,141,2003-10-26,49539.37
10203,2003-12-02,Shipped,141,141,2003-10-26,49539.37
10205,2003-12-03,Shipped,141,141,2003-10-26,49539.37
10212,2004-01-16,Shipped,141,141,2003-10-26,49539.37
10244,2004-04-29,Shipped,141,141,2003-10-26,49539.37
10246,2004-05-05,Shipped,141,141,2003-10-26,49539.37
10262,2004-06-24,Cancelled,141,141,2003-10-26,49539.37
10279,2004-08-09,Shipped,141,141,2003-10-26,49539.37
10311,2004-10-16,Shipped,141,141,2003-10-26,49539.37
10350,2004-12-02,Shipped,141,141,2003-10-26,49539.37
10355,2004-12-07,Shipped,141,141,2003-10-26,49539.37
10358,2004-12-10,Shipped,141,141,2003-10-26,49539.37
10378,2005-02-10,Shipped,141,141,2003-10-26,49539.37
10379,2005-02-10,Shipped,141,141,2003-10-26,49539.37
10380,2005-02-16,Shipped,141,141,2003-10-26,49539.37
10383,2005-02-22,Shipped,141,141,2003-10-26,49539.37
10386,2005-03-01,Resolved,141,141,2003-10-26,49539.37
10394,2005-03-15,Shipped,141,141,2003-10-26,49539.37
10412,2005-05-03,Shipped,141,141,2003-10-26,49539.37
10417,2005-05-13,Disputed,141,141,2003-10-26,49539.37
10424,2005-05-31,"In Process",141,141,2003-10-26,49539.37
10104,2003-01-31,Shipped,141,141,2003-02-25,40206.20
10128,2003-06-06,Shipped,141,141,2003-02-25,40206.20
10133,2003-06-27,Shipped,141,141,2003-02-25,40206.20
10153,2003-09-28,Shipped,141,141,2003-02-25,40206.20
10156,2003-10-08,Shipped,141,141,2003-02-25,40206.20
10190,2003-11-19,Shipped,141,141,2003-02-25,40206.20
10203,2003-12-02,Shipped,141,141,2003-02-25,40206.20
10205,2003-12-03,Shipped,141,141,2003-02-25,40206.20
10212,2004-01-16,Shipped,141,141,2003-02-25,40206.20
10244,2004-04-29,Shipped,141,141,2003-02-25,40206.20
10246,2004-05-05,Shipped,141,141,2003-02-25,40206.20
10262,2004-06-24,Cancelled,141,141,2003-02-25,40206.20
10279,2004-08-09,Shipped,141,141,2003-02-25,40206.20
10311,2004-10-16,Shipped,141,141,2003-02-25,40206.20
10350,2004-12-02,Shipped,141,141,2003-02-25,40206.20
10355,2004-12-07,Shipped,141,141,2003-02-25,40206.20
10358,2004-12-10,Shipped,141,141,2003-02-25,40206.20
10378,2005-02-10,Shipped,141,141,2003-02-25,40206.20
10379,2005-02-10,Shipped,141,141,2003-02-25,40206.20
10380,2005-02-16,Shipped,141,141,2003-02-25,40206.20
10383,2005-02-22,Shipped,141,141,2003-02-25,40206.20
10386,2005-03-01,Resolved,141,141,2003-02-25,40206.20
10394,2005-03-15,Shipped,141,141,2003-02-25,40206.20
10412,2005-05-03,Shipped,141,141,2003-02-25,40206.20
10417,2005-05-13,Disputed,141,141,2003-02-25,40206.20
10424,2005-05-31,"In Process",141,141,2003-02-25,40206.20
10104,2003-01-31,Shipped,141,141,2003-12-09,63843.55
10128,2003-06-06,Shipped,141,141,2003-12-09,63843.55
10133,2003-06-27,Shipped,141,141,2003-12-09,63843.55
10153,2003-09-28,Shipped,141,141,2003-12-09,63843.55
10156,2003-10-08,Shipped,141,141,2003-12-09,63843.55
10190,2003-11-19,Shipped,141,141,2003-12-09,63843.55
10203,2003-12-02,Shipped,141,141,2003-12-09,63843.55
10205,2003-12-03,Shipped,141,141,2003-12-09,63843.55
10212,2004-01-16,Shipped,141,141,2003-12-09,63843.55
10244,2004-04-29,Shipped,141,141,2003-12-09,63843.55
10246,2004-05-05,Shipped,141,141,2003-12-09,63843.55
10262,2004-06-24,Cancelled,141,141,2003-12-09,63843.55
10279,2004-08-09,Shipped,141,141,2003-12-09,63843.55
10311,2004-10-16,Shipped,141,141,2003-12-09,63843.55
10350,2004-12-02,Shipped,141,141,2003-12-09,63843.55
10355,2004-12-07,Shipped,141,141,2003-12-09,63843.55
10358,2004-12-10,Shipped,141,141,2003-12-09,63843.55
10378,2005-02-10,Shipped,141,141,2003-12-09,63843.55
10379,2005-02-10,Shipped,141,141,2003-12-09,63843.55
10380,2005-02-16,Shipped,141,141,2003-12-09,63843.55
10383,2005-02-22,Shipped,141,141,2003-12-09,63843.55
10386,2005-03-01,Resolved,141,141,2003-12-09,63843.55
10394,2005-03-15,Shipped,141,141,2003-12-09,63843.55
10412,2005-05-03,Shipped,141,141,2003-12-09,63843.55
10417,2005-05-13,Disputed,141,141,2003-12-09,63843.55
10424,2005-05-31,"In Process",141,141,2003-12-09,63843.55
10104,2003-01-31,Shipped,141,141,2004-07-09,35420.74
10128,2003-06-06,Shipped,141,141,2004-07-09,35420.74
10133,2003-06-27,Shipped,141,141,2004-07-09,35420.74
10153,2003-09-28,Shipped,141,141,2004-07-09,35420.74
10156,2003-10-08,Shipped,141,141,2004-07-09,35420.74
10190,2003-11-19,Shipped,141,141,2004-07-09,35420.74
10203,2003-12-02,Shipped,141,141,2004-07-09,35420.74
10205,2003-12-03,Shipped,141,141,2004-07-09,35420.74
10212,2004-01-16,Shipped,141,141,2004-07-09,35420.74
10244,2004-04-29,Shipped,141,141,2004-07-09,35420.74
10246,2004-05-05,Shipped,141,141,2004-07-09,35420.74
10262,2004-06-24,Cancelled,141,141,2004-07-09,35420.74
10279,2004-08-09,Shipped,141,141,2004-07-09,35420.74
10311,2004-10-16,Shipped,141,141,2004-07-09,35420.74
10350,2004-12-02,Shipped,141,141,2004-07-09,35420.74
10355,2004-12-07,Shipped,141,141,2004-07-09,35420.74
10358,2004-12-10,Shipped,141,141,2004-07-09,35420.74
10378,2005-02-10,Shipped,141,141,2004-07-09,35420.74
10379,2005-02-10,Shipped,141,141,2004-07-09,35420.74
10380,2005-02-16,Shipped,141,141,2004-07-09,35420.74
10383,2005-02-22,Shipped,141,141,2004-07-09,35420.74
10386,2005-03-01,Resolved,141,141,2004-07-09,35420.74
10394,2005-03-15,Shipped,141,141,2004-07-09,35420.74
10412,2005-05-03,Shipped,141,141,2004-07-09,35420.74
10417,2005-05-13,Disputed,141,141,2004-07-09,35420.74
10424,2005-05-31,"In Process",141,141,2004-07-09,35420.74
10104,2003-01-31,Shipped,141,141,2004-08-16,20009.53
10128,2003-06-06,Shipped,141,141,2004-08-16,20009.53
10133,2003-06-27,Shipped,141,141,2004-08-16,20009.53
10153,2003-09-28,Shipped,141,141,2004-08-16,20009.53
10156,2003-10-08,Shipped,141,141,2004-08-16,20009.53
10190,2003-11-19,Shipped,141,141,2004-08-16,20009.53
10203,2003-12-02,Shipped,141,141,2004-08-16,20009.53
10205,2003-12-03,Shipped,141,141,2004-08-16,20009.53
10212,2004-01-16,Shipped,141,141,2004-08-16,20009.53
10244,2004-04-29,Shipped,141,141,2004-08-16,20009.53
10246,2004-05-05,Shipped,141,141,2004-08-16,20009.53
10262,2004-06-24,Cancelled,141,141,2004-08-16,20009.53
10279,2004-08-09,Shipped,141,141,2004-08-16,20009.53
10311,2004-10-16,Shipped,141,141,2004-08-16,20009.53
10350,2004-12-02,Shipped,141,141,2004-08-16,20009.53
10355,2004-12-07,Shipped,141,141,2004-08-16,20009.53
10358,2004-12-10,Shipped,141,141,2004-08-16,20009.53
10378,2005-02-10,Shipped,141,141,2004-08-16,20009.53
10379,2005-02-10,Shipped,141,141,2004-08-16,20009.53
10380,2005-02-16,Shipped,141,141,2004-08-16,20009.53
10383,2005-02-22,Shipped,141,141,2004-08-16,20009.53
10386,2005-03-01,Resolved,141,141,2004-08-16,20009.53
10394,2005-03-15,Shipped,141,141,2004-08-16,20009.53
10412,2005-05-03,Shipped,141,141,2004-08-16,20009.53
10417,2005-05-13,Disputed,141,141,2004-08-16,20009.53
10424,2005-05-31,"In Process",141,141,2004-08-16,20009.53
10104,2003-01-31,Shipped,141,141,2004-05-17,26155.91
10128,2003-06-06,Shipped,141,141,2004-05-17,26155.91
10133,2003-06-27,Shipped,141,141,2004-05-17,26155.91
10153,2003-09-28,Shipped,141,141,2004-05-17,26155.91
10156,2003-10-08,Shipped,141,141,2004-05-17,26155.91
10190,2003-11-19,Shipped,141,141,2004-05-17,26155.91
10203,2003-12-02,Shipped,141,141,2004-05-17,26155.91
10205,2003-12-03,Shipped,141,141,2004-05-17,26155.91
10212,2004-01-16,Shipped,141,141,2004-05-17,26155.91
10244,2004-04-29,Shipped,141,141,2004-05-17,26155.91
10246,2004-05-05,Shipped,141,141,2004-05-17,26155.91
10262,2004-06-24,Cancelled,141,141,2004-05-17,26155.91
10279,2004-08-09,Shipped,141,141,2004-05-17,26155.91
10311,2004-10-16,Shipped,141,141,2004-05-17,26155.91
10350,2004-12-02,Shipped,141,141,2004-05-17,26155.91
10355,2004-12-07,Shipped,141,141,2004-05-17,26155.91
10358,2004-12-10,Shipped,141,141,2004-05-17,26155.91
10378,2005-02-10,Shipped,141,141,2004-05-17,26155.91
10379,2005-02-10,Shipped,141,141,2004-05-17,26155.91
10380,2005-02-16,Shipped,141,141,2004-05-17,26155.91
10383,2005-02-22,Shipped,141,141,2004-05-17,26155.91
10386,2005-03-01,Resolved,141,141,2004-05-17,26155.91
10394,2005-03-15,Shipped,141,141,2004-05-17,26155.91
10412,2005-05-03,Shipped,141,141,2004-05-17,26155.91
10417,2005-05-13,Disputed,141,141,2004-05-17,26155.91
10424,2005-05-31,"In Process",141,141,2004-05-17,26155.91
10112,2003-03-24,Shipped,144,144,2004-12-12,36005.71
10320,2004-11-03,Shipped,144,144,2004-12-12,36005.71
10326,2004-11-09,Shipped,144,144,2004-12-12,36005.71
10334,2004-11-19,"On Hold",144,144,2004-12-12,36005.71
10112,2003-03-24,Shipped,144,144,2003-04-09,7674.94
10320,2004-11-03,Shipped,144,144,2003-04-09,7674.94
10326,2004-11-09,Shipped,144,144,2003-04-09,7674.94
10334,2004-11-19,"On Hold",144,144,2003-04-09,7674.94
10105,2003-02-11,Shipped,145,145,2004-07-03,4710.73
10238,2004-04-09,Shipped,145,145,2004-07-03,4710.73
10256,2004-06-08,Shipped,145,145,2004-07-03,4710.73
10327,2004-11-10,Resolved,145,145,2004-07-03,4710.73
10406,2005-04-15,Disputed,145,145,2004-07-03,4710.73
10105,2003-02-11,Shipped,145,145,2004-04-26,28211.70
10238,2004-04-09,Shipped,145,145,2004-04-26,28211.70
10256,2004-06-08,Shipped,145,145,2004-04-26,28211.70
10327,2004-11-10,Resolved,145,145,2004-04-26,28211.70
10406,2005-04-15,Disputed,145,145,2004-04-26,28211.70
10105,2003-02-11,Shipped,145,145,2004-12-01,20564.86
10238,2004-04-09,Shipped,145,145,2004-12-01,20564.86
10256,2004-06-08,Shipped,145,145,2004-12-01,20564.86
10327,2004-11-10,Resolved,145,145,2004-12-01,20564.86
10406,2005-04-15,Disputed,145,145,2004-12-01,20564.86
10105,2003-02-11,Shipped,145,145,2003-02-20,53959.21
10238,2004-04-09,Shipped,145,145,2003-02-20,53959.21
10256,2004-06-08,Shipped,145,145,2003-02-20,53959.21
10327,2004-11-10,Resolved,145,145,2003-02-20,53959.21
10406,2005-04-15,Disputed,145,145,2003-02-20,53959.21
10194,2003-11-25,Shipped,146,146,2004-03-18,40978.53
10208,2004-01-02,Shipped,146,146,2004-03-18,40978.53
10227,2004-03-02,Shipped,146,146,2004-03-18,40978.53
10194,2003-11-25,Shipped,146,146,2004-01-16,49614.72
10208,2004-01-02,Shipped,146,146,2004-01-16,49614.72
10227,2004-03-02,Shipped,146,146,2004-01-16,49614.72
10194,2003-11-25,Shipped,146,146,2003-12-10,39712.10
10208,2004-01-02,Shipped,146,146,2003-12-10,39712.10
10227,2004-03-02,Shipped,146,146,2003-12-10,39712.10
10117,2003-04-16,Shipped,148,148,2003-04-22,44380.15
10150,2003-09-19,Shipped,148,148,2003-04-22,44380.15
10165,2003-10-22,Shipped,148,148,2003-04-22,44380.15
10277,2004-08-04,Shipped,148,148,2003-04-22,44380.15
10387,2005-03-02,Shipped,148,148,2003-04-22,44380.15
10117,2003-04-16,Shipped,148,148,2004-08-11,2611.84
10150,2003-09-19,Shipped,148,148,2004-08-11,2611.84
10165,2003-10-22,Shipped,148,148,2004-08-11,2611.84
10277,2004-08-04,Shipped,148,148,2004-08-11,2611.84
10387,2005-03-02,Shipped,148,148,2004-08-11,2611.84
10117,2003-04-16,Shipped,148,148,2003-12-26,105743.00
10150,2003-09-19,Shipped,148,148,2003-12-26,105743.00
10165,2003-10-22,Shipped,148,148,2003-12-26,105743.00
10277,2004-08-04,Shipped,148,148,2003-12-26,105743.00
10387,2005-03-02,Shipped,148,148,2003-12-26,105743.00
10117,2003-04-16,Shipped,148,148,2005-03-27,3516.04
10150,2003-09-19,Shipped,148,148,2005-03-27,3516.04
10165,2003-10-22,Shipped,148,148,2005-03-27,3516.04
10277,2004-08-04,Shipped,148,148,2005-03-27,3516.04
10387,2005-03-02,Shipped,148,148,2005-03-27,3516.04
10127,2003-06-03,Shipped,151,151,2003-12-22,58793.53
10204,2003-12-02,Shipped,151,151,2003-12-22,58793.53
10267,2004-07-07,Shipped,151,151,2003-12-22,58793.53
10349,2004-12-01,Shipped,151,151,2003-12-22,58793.53
10127,2003-06-03,Shipped,151,151,2004-07-26,20314.44
10204,2003-12-02,Shipped,151,151,2004-07-26,20314.44
10267,2004-07-07,Shipped,151,151,2004-07-26,20314.44
10349,2004-12-01,Shipped,151,151,2004-07-26,20314.44
10127,2003-06-03,Shipped,151,151,2003-06-18,58841.35
10204,2003-12-02,Shipped,151,151,2003-06-18,58841.35
10267,2004-07-07,Shipped,151,151,2003-06-18,58841.35
10349,2004-12-01,Shipped,151,151,2003-06-18,58841.35
10127,2003-06-03,Shipped,151,151,2004-12-14,39964.63
10204,2003-12-02,Shipped,151,151,2004-12-14,39964.63
10267,2004-07-07,Shipped,151,151,2004-12-14,39964.63
10349,2004-12-01,Shipped,151,151,2004-12-14,39964.63
10272,2004-07-20,Shipped,157,157,2004-11-19,35152.12
10281,2004-08-19,Shipped,157,157,2004-11-19,35152.12
10318,2004-11-02,Shipped,157,157,2004-11-19,35152.12
10422,2005-05-30,"In Process",157,157,2004-11-19,35152.12
10272,2004-07-20,Shipped,157,157,2004-09-07,63357.13
10281,2004-08-19,Shipped,157,157,2004-09-07,63357.13
10318,2004-11-02,Shipped,157,157,2004-09-07,63357.13
10422,2005-05-30,"In Process",157,157,2004-09-07,63357.13
10140,2003-07-24,Shipped,161,161,2004-11-14,2434.25
10168,2003-10-28,Shipped,161,161,2004-11-14,2434.25
10317,2004-11-02,Shipped,161,161,2004-11-14,2434.25
10362,2005-01-05,Shipped,161,161,2004-11-14,2434.25
10140,2003-07-24,Shipped,161,161,2003-11-18,50743.65
10168,2003-10-28,Shipped,161,161,2003-11-18,50743.65
10317,2004-11-02,Shipped,161,161,2003-11-18,50743.65
10362,2005-01-05,Shipped,161,161,2003-11-18,50743.65
10140,2003-07-24,Shipped,161,161,2005-02-02,12692.19
10168,2003-10-28,Shipped,161,161,2005-02-02,12692.19
10317,2004-11-02,Shipped,161,161,2005-02-02,12692.19
10362,2005-01-05,Shipped,161,161,2005-02-02,12692.19
10140,2003-07-24,Shipped,161,161,2003-08-05,38675.13
10168,2003-10-28,Shipped,161,161,2003-08-05,38675.13
10317,2004-11-02,Shipped,161,161,2003-08-05,38675.13
10362,2005-01-05,Shipped,161,161,2003-08-05,38675.13
10217,2004-02-04,Shipped,166,166,2004-09-16,38785.48
10259,2004-06-15,Shipped,166,166,2004-09-16,38785.48
10288,2004-09-01,Shipped,166,166,2004-09-16,38785.48
10409,2005-04-23,Shipped,166,166,2004-09-16,38785.48
10217,2004-02-04,Shipped,166,166,2004-07-07,44160.92
10259,2004-06-15,Shipped,166,166,2004-07-07,44160.92
10288,2004-09-01,Shipped,166,166,2004-07-07,44160.92
10409,2005-04-23,Shipped,166,166,2004-07-07,44160.92
10217,2004-02-04,Shipped,166,166,2004-02-28,22474.17
10259,2004-06-15,Shipped,166,166,2004-02-28,22474.17
10288,2004-09-01,Shipped,166,166,2004-02-28,22474.17
10409,2005-04-23,Shipped,166,166,2004-02-28,22474.17
10181,2003-11-12,Shipped,167,167,2004-09-19,12538.01
10188,2003-11-18,Shipped,167,167,2004-09-19,12538.01
10289,2004-09-03,Shipped,167,167,2004-09-19,12538.01
10181,2003-11-12,Shipped,167,167,2003-12-03,85024.46
10188,2003-11-18,Shipped,167,167,2003-12-03,85024.46
10289,2004-09-03,Shipped,167,167,2003-12-03,85024.46
10180,2003-11-11,Shipped,171,171,2004-03-15,18997.89
10224,2004-02-21,Shipped,171,171,2004-03-15,18997.89
10180,2003-11-11,Shipped,171,171,2003-11-22,42783.81
10224,2004-02-21,Shipped,171,171,2003-11-22,42783.81
10114,2003-04-01,Shipped,172,172,2004-09-09,1960.80
10286,2004-08-28,Shipped,172,172,2004-09-09,1960.80
10336,2004-11-20,Shipped,172,172,2004-09-09,1960.80
10114,2003-04-01,Shipped,172,172,2004-12-04,51209.58
10286,2004-08-28,Shipped,172,172,2004-12-04,51209.58
10336,2004-11-20,Shipped,172,172,2004-12-04,51209.58
10114,2003-04-01,Shipped,172,172,2003-04-20,33383.14
10286,2004-08-28,Shipped,172,172,2003-04-20,33383.14
10336,2004-11-20,Shipped,172,172,2003-04-20,33383.14
10228,2004-03-10,Shipped,173,173,2004-05-13,11843.45
10249,2004-05-08,Shipped,173,173,2004-05-13,11843.45
10228,2004-03-10,Shipped,173,173,2004-03-29,20355.24
10249,2004-05-08,Shipped,173,173,2004-03-29,20355.24
10172,2003-11-05,Shipped,175,175,2005-05-19,28500.78
10263,2004-06-28,Shipped,175,175,2005-05-19,28500.78
10413,2005-05-05,Shipped,175,175,2005-05-19,28500.78
10172,2003-11-05,Shipped,175,175,2003-11-19,24879.08
10263,2004-06-28,Shipped,175,175,2003-11-19,24879.08
10413,2005-05-05,Shipped,175,175,2003-11-19,24879.08
10172,2003-11-05,Shipped,175,175,2004-07-10,42044.77
10263,2004-06-28,Shipped,175,175,2004-07-10,42044.77
10413,2005-05-05,Shipped,175,175,2004-07-10,42044.77
10210,2004-01-12,Shipped,177,177,2004-04-17,15183.63
10240,2004-04-13,Shipped,177,177,2004-04-17,15183.63
10210,2004-01-12,Shipped,177,177,2004-01-19,47177.59
10240,2004-04-13,Shipped,177,177,2004-01-19,47177.59
10102,2003-01-10,Shipped,181,181,2004-04-25,22602.36
10237,2004-04-05,Shipped,181,181,2004-04-25,22602.36
10324,2004-11-05,Shipped,181,181,2004-04-25,22602.36
10102,2003-01-10,Shipped,181,181,2003-01-30,5494.78
10237,2004-04-05,Shipped,181,181,2003-01-30,5494.78
10324,2004-11-05,Shipped,181,181,2003-01-30,5494.78
10102,2003-01-10,Shipped,181,181,2004-11-16,44400.50
10237,2004-04-05,Shipped,181,181,2004-11-16,44400.50
10324,2004-11-05,Shipped,181,181,2004-11-16,44400.50
10155,2003-10-06,Shipped,186,186,2005-03-10,23602.90
10299,2004-09-30,Shipped,186,186,2005-03-10,23602.90
10377,2005-02-09,Shipped,186,186,2005-03-10,23602.90
10155,2003-10-06,Shipped,186,186,2003-10-27,37602.48
10299,2004-09-30,Shipped,186,186,2003-10-27,37602.48
10377,2005-02-09,Shipped,186,186,2003-10-27,37602.48
10155,2003-10-06,Shipped,186,186,2004-10-21,34341.08
10299,2004-09-30,Shipped,186,186,2004-10-21,34341.08
10377,2005-02-09,Shipped,186,186,2004-10-21,34341.08
10110,2003-03-18,Shipped,187,187,2004-11-03,52825.29
10306,2004-10-14,Shipped,187,187,2004-11-03,52825.29
10332,2004-11-17,Shipped,187,187,2004-11-03,52825.29
10110,2003-03-18,Shipped,187,187,2004-12-08,47159.11
10306,2004-10-14,Shipped,187,187,2004-12-08,47159.11
10332,2004-11-17,Shipped,187,187,2004-12-08,47159.11
10110,2003-03-18,Shipped,187,187,2003-03-27,48425.69
10306,2004-10-14,Shipped,187,187,2003-03-27,48425.69
10332,2004-11-17,Shipped,187,187,2003-03-27,48425.69
10220,2004-02-12,Shipped,189,189,2004-10-03,17359.53
10297,2004-09-16,Shipped,189,189,2004-10-03,17359.53
10220,2004-02-12,Shipped,189,189,2004-03-01,32538.74
10297,2004-09-16,Shipped,189,189,2004-03-01,32538.74
10130,2003-06-16,Shipped,198,198,2004-12-06,9658.74
10290,2004-09-07,Shipped,198,198,2004-12-06,9658.74
10352,2004-12-03,Shipped,198,198,2004-12-06,9658.74
10130,2003-06-16,Shipped,198,198,2003-07-06,6036.96
10290,2004-09-07,Shipped,198,198,2003-07-06,6036.96
10352,2004-12-03,Shipped,198,198,2003-07-06,6036.96
10130,2003-06-16,Shipped,198,198,2004-09-21,5858.56
10290,2004-09-07,Shipped,198,198,2004-09-21,5858.56
10352,2004-12-03,Shipped,198,198,2004-09-21,5858.56
10253,2004-06-01,Cancelled,201,201,2003-10-20,23908.24
10302,2003-10-06,Shipped,201,201,2003-10-20,23908.24
10403,2005-04-08,Shipped,201,201,2003-10-20,23908.24
10253,2004-06-01,Cancelled,201,201,2004-06-15,37258.94
10302,2003-10-06,Shipped,201,201,2004-06-15,37258.94
10403,2005-04-08,Shipped,201,201,2004-06-15,37258.94
10206,2003-12-05,Shipped,202,202,2003-12-18,36527.61
10313,2004-10-22,Shipped,202,202,2003-12-18,36527.61
10206,2003-12-05,Shipped,202,202,2004-11-08,33594.58
10313,2004-10-22,Shipped,202,202,2004-11-08,33594.58
10276,2004-08-02,Shipped,204,204,2004-08-13,51152.86
10294,2004-09-10,Shipped,204,204,2004-08-13,51152.86
10276,2004-08-02,Shipped,204,204,2004-09-24,4424.40
10294,2004-09-10,Shipped,204,204,2004-09-24,4424.40
10145,2003-08-25,Shipped,205,205,2003-12-04,3879.96
10189,2003-11-18,Shipped,205,205,2003-12-04,3879.96
10367,2005-01-12,Resolved,205,205,2003-12-04,3879.96
10145,2003-08-25,Shipped,205,205,2003-09-05,50342.74
10189,2003-11-18,Shipped,205,205,2003-09-05,50342.74
10367,2005-01-12,Resolved,205,205,2003-09-05,50342.74
10145,2003-08-25,Shipped,205,205,2005-02-06,39580.60
10189,2003-11-18,Shipped,205,205,2005-02-06,39580.60
10367,2005-01-12,Resolved,205,205,2005-02-06,39580.60
10241,2004-04-13,Shipped,209,209,2005-05-03,35157.75
10255,2004-06-04,Shipped,209,209,2005-05-03,35157.75
10405,2005-04-14,Shipped,209,209,2005-05-03,35157.75
10241,2004-04-13,Shipped,209,209,2004-06-21,4632.31
10255,2004-06-04,Shipped,209,209,2004-06-21,4632.31
10405,2005-04-14,Shipped,209,209,2004-06-21,4632.31
10241,2004-04-13,Shipped,209,209,2004-05-04,36069.26
10255,2004-06-04,Shipped,209,209,2004-05-04,36069.26
10405,2005-04-14,Shipped,209,209,2004-05-04,36069.26
10187,2003-11-15,Shipped,211,211,2003-12-09,45480.79
10200,2003-12-01,Shipped,211,211,2003-12-09,45480.79
10118,2003-04-21,Shipped,216,216,2003-05-09,3101.40
10197,2003-11-26,Shipped,216,216,2003-05-09,3101.40
10340,2004-11-24,Shipped,216,216,2003-05-09,3101.40
10118,2003-04-21,Shipped,216,216,2004-12-06,24945.21
10197,2003-11-26,Shipped,216,216,2004-12-06,24945.21
10340,2004-11-24,Shipped,216,216,2004-12-06,24945.21
10118,2003-04-21,Shipped,216,216,2003-12-14,40473.86
10197,2003-11-26,Shipped,216,216,2003-12-14,40473.86
10340,2004-11-24,Shipped,216,216,2003-12-14,40473.86
10154,2003-10-02,Shipped,219,219,2005-03-02,3452.75
10376,2005-02-08,Shipped,219,219,2005-03-02,3452.75
10154,2003-10-02,Shipped,219,219,2003-10-18,4465.85
10376,2005-02-08,Shipped,219,219,2003-10-18,4465.85
10161,2003-10-17,Shipped,227,227,2003-10-31,36164.46
10314,2004-10-22,Shipped,227,227,2003-10-31,36164.46
10161,2003-10-17,Shipped,227,227,2004-11-02,53745.34
10314,2004-10-22,Shipped,227,227,2004-11-02,53745.34
10171,2003-11-05,Shipped,233,233,2005-05-20,29070.38
10261,2004-06-17,Shipped,233,233,2005-05-20,29070.38
10411,2005-05-01,Shipped,233,233,2005-05-20,29070.38
10171,2003-11-05,Shipped,233,233,2004-07-01,22997.45
10261,2004-06-17,Shipped,233,233,2004-07-01,22997.45
10411,2005-05-01,Shipped,233,233,2004-07-01,22997.45
10171,2003-11-05,Shipped,233,233,2003-11-18,16909.84
10261,2004-06-17,Shipped,233,233,2003-11-18,16909.84
10411,2005-05-01,Shipped,233,233,2003-11-18,16909.84
10222,2004-02-19,Shipped,239,239,2004-03-15,80375.24
10226,2004-02-26,Shipped,239,239,2004-03-15,80375.24
10232,2004-03-20,Shipped,240,240,2004-11-16,46788.14
10316,2004-11-01,Shipped,240,240,2004-11-16,46788.14
10232,2004-03-20,Shipped,240,240,2004-03-28,24995.61
10316,2004-11-01,Shipped,240,240,2004-03-28,24995.61
10136,2003-07-04,Shipped,242,242,2003-11-22,33818.34
10178,2003-11-08,Shipped,242,242,2003-11-22,33818.34
10397,2005-03-28,Shipped,242,242,2003-11-22,33818.34
10136,2003-07-04,Shipped,242,242,2005-06-03,12432.32
10178,2003-11-08,Shipped,242,242,2005-06-03,12432.32
10397,2005-03-28,Shipped,242,242,2005-06-03,12432.32
10136,2003-07-04,Shipped,242,242,2003-07-21,14232.70
10178,2003-11-08,Shipped,242,242,2003-07-21,14232.70
10397,2005-03-28,Shipped,242,242,2003-07-21,14232.70
10280,2004-08-17,Shipped,249,249,2004-09-19,33924.24
10293,2004-09-09,Shipped,249,249,2004-09-19,33924.24
10280,2004-08-17,Shipped,249,249,2004-09-04,48298.99
10293,2004-09-09,Shipped,249,249,2004-09-04,48298.99
10134,2003-07-01,Shipped,250,250,2005-05-17,17928.09
10356,2004-12-09,Shipped,250,250,2005-05-17,17928.09
10395,2005-03-17,Shipped,250,250,2005-05-17,17928.09
10134,2003-07-01,Shipped,250,250,2004-12-30,26311.63
10356,2004-12-09,Shipped,250,250,2004-12-30,26311.63
10395,2005-03-17,Shipped,250,250,2004-12-30,26311.63
10134,2003-07-01,Shipped,250,250,2003-07-18,23419.47
10356,2004-12-09,Shipped,250,250,2003-07-18,23419.47
10395,2005-03-17,Shipped,250,250,2003-07-18,23419.47
10216,2004-02-02,Shipped,256,256,2004-02-10,5759.42
10304,2004-10-11,Shipped,256,256,2004-02-10,5759.42
10216,2004-02-02,Shipped,256,256,2004-10-22,53116.99
10304,2004-10-11,Shipped,256,256,2004-10-22,53116.99
10191,2003-11-20,Shipped,259,259,2004-11-06,61234.67
10310,2004-10-16,Shipped,259,259,2004-11-06,61234.67
10191,2003-11-20,Shipped,259,259,2003-12-07,27988.47
10310,2004-10-16,Shipped,259,259,2003-12-07,27988.47
10235,2004-04-02,Shipped,260,260,2004-08-30,37527.58
10283,2004-08-20,Shipped,260,260,2004-08-30,37527.58
10235,2004-04-02,Shipped,260,260,2004-04-24,29284.42
10283,2004-08-20,Shipped,260,260,2004-04-24,29284.42
10148,2003-09-11,Shipped,276,276,2005-02-09,27083.78
10169,2003-11-04,Shipped,276,276,2005-02-09,27083.78
10370,2005-01-20,Shipped,276,276,2005-02-09,27083.78
10391,2005-03-09,Shipped,276,276,2005-02-09,27083.78
10148,2003-09-11,Shipped,276,276,2003-11-13,38547.19
10169,2003-11-04,Shipped,276,276,2003-11-13,38547.19
10370,2005-01-20,Shipped,276,276,2003-11-13,38547.19
10391,2005-03-09,Shipped,276,276,2003-11-13,38547.19
10148,2003-09-11,Shipped,276,276,2003-09-28,41554.73
10169,2003-11-04,Shipped,276,276,2003-09-28,41554.73
10370,2005-01-20,Shipped,276,276,2003-09-28,41554.73
10391,2005-03-09,Shipped,276,276,2003-09-28,41554.73
10148,2003-09-11,Shipped,276,276,2005-04-30,29848.52
10169,2003-11-04,Shipped,276,276,2005-04-30,29848.52
10370,2005-01-20,Shipped,276,276,2005-04-30,29848.52
10391,2005-03-09,Shipped,276,276,2005-04-30,29848.52
10106,2003-02-17,Shipped,278,278,2004-12-05,37654.09
10173,2003-11-05,Shipped,278,278,2004-12-05,37654.09
10328,2004-11-12,Shipped,278,278,2004-12-05,37654.09
10106,2003-02-17,Shipped,278,278,2003-03-02,52151.81
10173,2003-11-05,Shipped,278,278,2003-03-02,52151.81
10328,2004-11-12,Shipped,278,278,2003-03-02,52151.81
10106,2003-02-17,Shipped,278,278,2003-11-24,37723.79
10173,2003-11-05,Shipped,278,278,2003-11-24,37723.79
10328,2004-11-12,Shipped,278,278,2003-11-24,37723.79
10139,2003-07-16,Shipped,282,282,2003-08-03,24013.52
10270,2004-07-19,Shipped,282,282,2003-08-03,24013.52
10361,2004-12-17,Shipped,282,282,2003-08-03,24013.52
10420,2005-05-29,"In Process",282,282,2003-08-03,24013.52
10139,2003-07-16,Shipped,282,282,2004-08-02,35806.73
10270,2004-07-19,Shipped,282,282,2004-08-02,35806.73
10361,2004-12-17,Shipped,282,282,2004-08-02,35806.73
10420,2005-05-29,"In Process",282,282,2004-08-02,35806.73
10139,2003-07-16,Shipped,282,282,2005-01-03,31835.36
10270,2004-07-19,Shipped,282,282,2005-01-03,31835.36
10361,2004-12-17,Shipped,282,282,2005-01-03,31835.36
10420,2005-05-29,"In Process",282,282,2005-01-03,31835.36
10285,2004-08-27,Shipped,286,286,2004-10-28,47411.33
10305,2004-10-13,Shipped,286,286,2004-10-28,47411.33
10285,2004-08-27,Shipped,286,286,2004-09-05,43134.04
10305,2004-10-13,Shipped,286,286,2004-09-05,43134.04
10225,2004-02-22,Shipped,298,298,2004-03-13,47375.92
10287,2004-08-30,Shipped,298,298,2004-03-13,47375.92
10225,2004-02-22,Shipped,298,298,2004-09-18,61402.00
10287,2004-08-30,Shipped,298,298,2004-09-18,61402.00
10284,2004-08-21,Shipped,299,299,2003-10-24,36798.88
10301,2003-10-05,Shipped,299,299,2003-10-24,36798.88
10284,2004-08-21,Shipped,299,299,2004-09-05,32260.16
10301,2003-10-05,Shipped,299,299,2004-09-05,32260.16
10151,2003-09-21,Shipped,311,311,2005-02-15,46770.52
10239,2004-04-12,Shipped,311,311,2005-02-15,46770.52
10373,2005-01-31,Shipped,311,311,2005-02-15,46770.52
10151,2003-09-21,Shipped,311,311,2003-10-06,32723.04
10239,2004-04-12,Shipped,311,311,2003-10-06,32723.04
10373,2005-01-31,Shipped,311,311,2003-10-06,32723.04
10151,2003-09-21,Shipped,311,311,2004-04-25,16212.59
10239,2004-04-12,Shipped,311,311,2004-04-25,16212.59
10373,2005-01-31,Shipped,311,311,2004-04-25,16212.59
10221,2004-02-18,Shipped,314,314,2004-08-09,45352.47
10273,2004-07-21,Shipped,314,314,2004-08-09,45352.47
10423,2005-05-30,"In Process",314,314,2004-08-09,45352.47
10221,2004-02-18,Shipped,314,314,2004-03-03,16901.38
10273,2004-07-21,Shipped,314,314,2004-03-03,16901.38
10423,2005-05-30,"In Process",314,314,2004-03-03,16901.38
10195,2003-11-25,Shipped,319,319,2004-11-06,42339.76
10308,2004-10-15,Shipped,319,319,2004-11-06,42339.76
10195,2003-11-25,Shipped,319,319,2003-12-07,36092.40
10308,2004-10-15,Shipped,319,319,2003-12-07,36092.40
10143,2003-08-10,Shipped,320,320,2005-01-18,8307.28
10185,2003-11-14,Shipped,320,320,2005-01-18,8307.28
10365,2005-01-07,Shipped,320,320,2005-01-18,8307.28
10143,2003-08-10,Shipped,320,320,2003-08-20,41016.75
10185,2003-11-14,Shipped,320,320,2003-08-20,41016.75
10365,2005-01-07,Shipped,320,320,2003-08-20,41016.75
10143,2003-08-10,Shipped,320,320,2003-11-24,52548.49
10185,2003-11-14,Shipped,320,320,2003-11-24,52548.49
10365,2005-01-07,Shipped,320,320,2003-11-24,52548.49
10159,2003-10-10,Shipped,321,321,2003-11-03,85559.12
10162,2003-10-18,Shipped,321,321,2003-11-03,85559.12
10381,2005-02-17,Shipped,321,321,2003-11-03,85559.12
10384,2005-02-23,Shipped,321,321,2003-11-03,85559.12
10159,2003-10-10,Shipped,321,321,2005-03-15,46781.66
10162,2003-10-18,Shipped,321,321,2005-03-15,46781.66
10381,2005-02-17,Shipped,321,321,2005-03-15,46781.66
10384,2005-02-23,Shipped,321,321,2005-03-15,46781.66
10132,2003-06-25,Shipped,323,323,2005-05-23,75020.13
10254,2004-06-03,Shipped,323,323,2005-05-23,75020.13
10354,2004-12-04,Shipped,323,323,2005-05-23,75020.13
10393,2005-03-11,Shipped,323,323,2005-05-23,75020.13
10404,2005-04-08,Shipped,323,323,2005-05-23,75020.13
10132,2003-06-25,Shipped,323,323,2004-06-24,37281.36
10254,2004-06-03,Shipped,323,323,2004-06-24,37281.36
10354,2004-12-04,Shipped,323,323,2004-06-24,37281.36
10393,2005-03-11,Shipped,323,323,2004-06-24,37281.36
10404,2005-04-08,Shipped,323,323,2004-06-24,37281.36
10132,2003-06-25,Shipped,323,323,2003-07-05,2880.00
10254,2004-06-03,Shipped,323,323,2003-07-05,2880.00
10354,2004-12-04,Shipped,323,323,2003-07-05,2880.00
10393,2005-03-11,Shipped,323,323,2003-07-05,2880.00
10404,2005-04-08,Shipped,323,323,2003-07-05,2880.00
10132,2003-06-25,Shipped,323,323,2004-12-24,39440.59
10254,2004-06-03,Shipped,323,323,2004-12-24,39440.59
10354,2004-12-04,Shipped,323,323,2004-12-24,39440.59
10393,2005-03-11,Shipped,323,323,2004-12-24,39440.59
10404,2005-04-08,Shipped,323,323,2004-12-24,39440.59
10129,2003-06-12,Shipped,324,324,2004-12-13,13671.82
10175,2003-11-06,Shipped,324,324,2004-12-13,13671.82
10351,2004-12-03,Shipped,324,324,2004-12-13,13671.82
10129,2003-06-12,Shipped,324,324,2003-07-07,29429.14
10175,2003-11-06,Shipped,324,324,2003-07-07,29429.14
10351,2004-12-03,Shipped,324,324,2003-07-07,29429.14
10129,2003-06-12,Shipped,324,324,2003-11-23,37455.77
10175,2003-11-06,Shipped,324,324,2003-11-23,37455.77
10351,2004-12-03,Shipped,324,324,2003-11-23,37455.77
10233,2004-03-29,Shipped,328,328,2004-04-16,7178.66
10251,2004-05-18,Shipped,328,328,2004-04-16,7178.66
10401,2005-04-03,"On Hold",328,328,2004-04-16,7178.66
10233,2004-03-29,Shipped,328,328,2004-05-30,31102.85
10251,2004-05-18,Shipped,328,328,2004-05-30,31102.85
10401,2005-04-03,"On Hold",328,328,2004-05-30,31102.85
10152,2003-09-25,Shipped,333,333,2003-11-15,23936.53
10174,2003-11-06,Shipped,333,333,2003-11-15,23936.53
10374,2005-02-02,Shipped,333,333,2003-11-15,23936.53
10152,2003-09-25,Shipped,333,333,2003-10-17,9821.32
10174,2003-11-06,Shipped,333,333,2003-10-17,9821.32
10374,2005-02-02,Shipped,333,333,2003-10-17,9821.32
10152,2003-09-25,Shipped,333,333,2005-03-01,21432.31
10174,2003-11-06,Shipped,333,333,2005-03-01,21432.31
10374,2005-02-02,Shipped,333,333,2005-03-01,21432.31
10141,2003-08-01,Shipped,334,334,2005-01-27,45785.34
10247,2004-05-05,Shipped,334,334,2005-01-27,45785.34
10363,2005-01-06,Shipped,334,334,2005-01-27,45785.34
10141,2003-08-01,Shipped,334,334,2003-08-16,29716.86
10247,2004-05-05,Shipped,334,334,2003-08-16,29716.86
10363,2005-01-06,Shipped,334,334,2003-08-16,29716.86
10141,2003-08-01,Shipped,334,334,2004-05-22,28394.54
10247,2004-05-05,Shipped,334,334,2004-05-22,28394.54
10363,2005-01-06,Shipped,334,334,2004-05-22,28394.54
10183,2003-11-13,Shipped,339,339,2004-10-24,23333.06
10307,2004-10-14,Shipped,339,339,2004-10-24,23333.06
10183,2003-11-13,Shipped,339,339,2003-11-28,34606.28
10307,2004-10-14,Shipped,339,339,2003-11-28,34606.28
10177,2003-11-07,Shipped,344,344,2003-11-24,31428.21
10231,2004-03-19,Shipped,344,344,2003-11-24,31428.21
10177,2003-11-07,Shipped,344,344,2004-04-02,15322.93
10231,2004-03-19,Shipped,344,344,2004-04-02,15322.93
10160,2003-10-11,Shipped,347,347,2004-01-18,21053.69
10209,2004-01-09,Shipped,347,347,2004-01-18,21053.69
10160,2003-10-11,Shipped,347,347,2003-10-24,20452.50
10209,2004-01-09,Shipped,347,347,2003-10-24,20452.50
10122,2003-05-08,Shipped,350,350,2004-12-11,18888.31
10344,2004-11-25,Shipped,350,350,2004-12-11,18888.31
10364,2005-01-06,Shipped,350,350,2004-12-11,18888.31
10122,2003-05-08,Shipped,350,350,2003-05-25,50824.66
10344,2004-11-25,Shipped,350,350,2003-05-25,50824.66
10364,2005-01-06,Shipped,350,350,2003-05-25,50824.66
10122,2003-05-08,Shipped,350,350,2005-01-29,1834.56
10344,2004-11-25,Shipped,350,350,2005-01-29,1834.56
10364,2005-01-06,Shipped,350,350,2005-01-29,1834.56
10121,2003-05-07,Shipped,353,353,2005-01-10,49705.52
10137,2003-07-10,Shipped,353,353,2005-01-10,49705.52
10343,2004-11-24,Shipped,353,353,2005-01-10,49705.52
10359,2004-12-15,Shipped,353,353,2005-01-10,49705.52
10398,2005-03-30,Shipped,353,353,2005-01-10,49705.52
10121,2003-05-07,Shipped,353,353,2003-07-21,13920.26
10137,2003-07-10,Shipped,353,353,2003-07-21,13920.26
10343,2004-11-24,Shipped,353,353,2003-07-21,13920.26
10359,2004-12-15,Shipped,353,353,2003-07-21,13920.26
10398,2005-03-30,Shipped,353,353,2003-07-21,13920.26
10121,2003-05-07,Shipped,353,353,2003-05-21,16700.47
10137,2003-07-10,Shipped,353,353,2003-05-21,16700.47
10343,2004-11-24,Shipped,353,353,2003-05-21,16700.47
10359,2004-12-15,Shipped,353,353,2003-05-21,16700.47
10398,2005-03-30,Shipped,353,353,2003-05-21,16700.47
10121,2003-05-07,Shipped,353,353,2005-06-09,46656.94
10137,2003-07-10,Shipped,353,353,2005-06-09,46656.94
10343,2004-11-24,Shipped,353,353,2005-06-09,46656.94
10359,2004-12-15,Shipped,353,353,2005-06-09,46656.94
10398,2005-03-30,Shipped,353,353,2005-06-09,46656.94
10202,2003-12-02,Shipped,357,357,2003-12-16,20220.04
10260,2004-06-16,Cancelled,357,357,2003-12-16,20220.04
10410,2005-04-29,Shipped,357,357,2003-12-16,20220.04
10202,2003-12-02,Shipped,357,357,2004-05-15,36442.34
10260,2004-06-16,Cancelled,357,357,2004-05-15,36442.34
10410,2005-04-29,Shipped,357,357,2004-05-15,36442.34
10264,2004-06-30,Shipped,362,362,2004-07-11,18473.71
10295,2004-09-10,Shipped,362,362,2004-07-11,18473.71
10414,2005-05-06,"On Hold",362,362,2004-07-11,18473.71
10264,2004-06-30,Shipped,362,362,2004-09-21,15059.76
10295,2004-09-10,Shipped,362,362,2004-09-21,15059.76
10414,2005-05-06,"On Hold",362,362,2004-09-21,15059.76
10100,2003-01-06,Shipped,363,363,2004-11-17,50799.69
10192,2003-11-20,Shipped,363,363,2004-11-17,50799.69
10322,2004-11-04,Shipped,363,363,2004-11-17,50799.69
10100,2003-01-06,Shipped,363,363,2003-01-16,10223.83
10192,2003-11-20,Shipped,363,363,2003-01-16,10223.83
10322,2004-11-04,Shipped,363,363,2003-01-16,10223.83
10100,2003-01-06,Shipped,363,363,2003-12-05,55425.77
10192,2003-11-20,Shipped,363,363,2003-12-05,55425.77
10322,2004-11-04,Shipped,363,363,2003-12-05,55425.77
10147,2003-09-05,Shipped,379,379,2005-02-12,28322.83
10274,2004-07-21,Shipped,379,379,2005-02-12,28322.83
10369,2005-01-20,Shipped,379,379,2005-02-12,28322.83
10147,2003-09-05,Shipped,379,379,2003-09-16,32680.31
10274,2004-07-21,Shipped,379,379,2003-09-16,32680.31
10369,2005-01-20,Shipped,379,379,2003-09-16,32680.31
10147,2003-09-05,Shipped,379,379,2004-08-02,12530.51
10274,2004-07-21,Shipped,379,379,2004-08-02,12530.51
10369,2005-01-20,Shipped,379,379,2004-08-02,12530.51
10116,2003-04-11,Shipped,381,381,2004-12-03,12081.52
10144,2003-08-13,Shipped,381,381,2004-12-03,12081.52
10338,2004-11-22,Shipped,381,381,2004-12-03,12081.52
10366,2005-01-10,Shipped,381,381,2004-12-03,12081.52
10116,2003-04-11,Shipped,381,381,2003-04-19,1627.56
10144,2003-08-13,Shipped,381,381,2003-04-19,1627.56
10338,2004-11-22,Shipped,381,381,2003-04-19,1627.56
10366,2005-01-10,Shipped,381,381,2003-04-19,1627.56
10116,2003-04-11,Shipped,381,381,2005-02-03,14379.90
10144,2003-08-13,Shipped,381,381,2005-02-03,14379.90
10338,2004-11-22,Shipped,381,381,2005-02-03,14379.90
10366,2005-01-10,Shipped,381,381,2005-02-03,14379.90
10116,2003-04-11,Shipped,381,381,2003-08-22,1128.20
10144,2003-08-13,Shipped,381,381,2003-08-22,1128.20
10338,2004-11-22,Shipped,381,381,2003-08-22,1128.20
10366,2005-01-10,Shipped,381,381,2003-08-22,1128.20
10119,2003-04-28,Shipped,382,382,2003-05-12,35826.33
10269,2004-07-16,Shipped,382,382,2003-05-12,35826.33
10341,2004-11-24,Shipped,382,382,2003-05-12,35826.33
10419,2005-05-17,Shipped,382,382,2003-05-12,35826.33
10119,2003-04-28,Shipped,382,382,2004-08-01,6419.84
10269,2004-07-16,Shipped,382,382,2004-08-01,6419.84
10341,2004-11-24,Shipped,382,382,2004-08-01,6419.84
10419,2005-05-17,Shipped,382,382,2004-08-01,6419.84
10119,2003-04-28,Shipped,382,382,2004-11-27,42813.83
10269,2004-07-16,Shipped,382,382,2004-11-27,42813.83
10341,2004-11-24,Shipped,382,382,2004-11-27,42813.83
10419,2005-05-17,Shipped,382,382,2004-11-27,42813.83
10108,2003-03-03,Shipped,385,385,2003-12-02,20644.24
10198,2003-11-27,Shipped,385,385,2003-12-02,20644.24
10330,2004-11-16,Shipped,385,385,2003-12-02,20644.24
10108,2003-03-03,Shipped,385,385,2004-11-19,15822.84
10198,2003-11-27,Shipped,385,385,2004-11-19,15822.84
10330,2004-11-16,Shipped,385,385,2004-11-19,15822.84
10108,2003-03-03,Shipped,385,385,2003-03-09,51001.22
10198,2003-11-27,Shipped,385,385,2003-03-09,51001.22
10330,2004-11-16,Shipped,385,385,2003-03-09,51001.22
10176,2003-11-06,Shipped,386,386,2003-11-18,38524.29
10266,2004-07-06,Shipped,386,386,2003-11-18,38524.29
10416,2005-05-10,Shipped,386,386,2003-11-18,38524.29
10176,2003-11-06,Shipped,386,386,2004-07-18,51619.02
10266,2004-07-06,Shipped,386,386,2004-07-18,51619.02
10416,2005-05-10,Shipped,386,386,2004-07-18,51619.02
10258,2004-06-15,Shipped,398,398,2005-02-14,33967.73
10339,2004-11-23,Shipped,398,398,2005-02-14,33967.73
10372,2005-01-26,Shipped,398,398,2005-02-14,33967.73
10408,2005-04-22,Shipped,398,398,2005-02-14,33967.73
10258,2004-06-15,Shipped,398,398,2004-06-21,22037.91
10339,2004-11-23,Shipped,398,398,2004-06-21,22037.91
10372,2005-01-26,Shipped,398,398,2004-06-21,22037.91
10408,2005-04-22,Shipped,398,398,2004-06-21,22037.91
10258,2004-06-15,Shipped,398,398,2005-05-18,615.45
10339,2004-11-23,Shipped,398,398,2005-05-18,615.45
10372,2005-01-26,Shipped,398,398,2005-05-18,615.45
10408,2005-04-22,Shipped,398,398,2005-05-18,615.45
10258,2004-06-15,Shipped,398,398,2004-11-29,48927.64
10339,2004-11-23,Shipped,398,398,2004-11-29,48927.64
10372,2005-01-26,Shipped,398,398,2004-11-29,48927.64
10408,2005-04-22,Shipped,398,398,2004-11-29,48927.64
10211,2004-01-15,Shipped,406,406,2005-04-23,12190.85
10252,2004-05-26,Shipped,406,406,2005-04-23,12190.85
10402,2005-04-07,Shipped,406,406,2005-04-23,12190.85
10211,2004-01-15,Shipped,406,406,2004-01-28,49165.16
10252,2004-05-26,Shipped,406,406,2004-01-28,49165.16
10402,2005-04-07,Shipped,406,406,2004-01-28,49165.16
10211,2004-01-15,Shipped,406,406,2004-06-17,25080.96
10252,2004-05-26,Shipped,406,406,2004-06-17,25080.96
10402,2005-04-07,Shipped,406,406,2004-06-17,25080.96
10234,2004-03-30,Shipped,412,412,2004-07-25,35034.57
10268,2004-07-12,Shipped,412,412,2004-07-25,35034.57
10418,2005-05-16,Shipped,412,412,2004-07-25,35034.57
10234,2004-03-30,Shipped,412,412,2004-04-14,31670.37
10268,2004-07-12,Shipped,412,412,2004-04-14,31670.37
10418,2005-05-16,Shipped,412,412,2004-04-14,31670.37
10296,2004-09-15,Shipped,415,415,2004-09-28,31310.09
10115,2003-04-04,Shipped,424,424,2004-12-07,25505.98
10163,2003-10-20,Shipped,424,424,2004-12-07,25505.98
10337,2004-11-21,Shipped,424,424,2004-12-07,25505.98
10115,2003-04-04,Shipped,424,424,2003-04-16,21665.98
10163,2003-10-20,Shipped,424,424,2003-04-16,21665.98
10337,2004-11-21,Shipped,424,424,2003-04-16,21665.98
10115,2003-04-04,Shipped,424,424,2003-10-31,22042.37
10163,2003-10-20,Shipped,424,424,2003-10-31,22042.37
10337,2004-11-21,Shipped,424,424,2003-10-31,22042.37
10131,2003-06-16,Shipped,447,447,2003-09-15,6631.36
10146,2003-09-03,Shipped,447,447,2003-09-15,6631.36
10353,2004-12-04,Shipped,447,447,2003-09-15,6631.36
10131,2003-06-16,Shipped,447,447,2003-06-25,17032.29
10146,2003-09-03,Shipped,447,447,2003-06-25,17032.29
10353,2004-12-04,Shipped,447,447,2003-06-25,17032.29
10131,2003-06-16,Shipped,447,447,2004-12-17,26304.13
10146,2003-09-03,Shipped,447,447,2004-12-17,26304.13
10353,2004-12-04,Shipped,447,447,2004-12-17,26304.13
10167,2003-10-23,Cancelled,448,448,2005-04-18,27966.54
10291,2004-09-08,Shipped,448,448,2005-04-18,27966.54
10389,2005-03-03,Shipped,448,448,2005-04-18,27966.54
10167,2003-10-23,Cancelled,448,448,2004-09-30,48809.90
10291,2004-09-08,Shipped,448,448,2004-09-30,48809.90
10389,2005-03-03,Shipped,448,448,2004-09-30,48809.90
10250,2004-05-11,Shipped,450,450,2004-06-21,59551.38
10257,2004-06-14,Shipped,450,450,2004-06-21,59551.38
10400,2005-04-01,Shipped,450,450,2004-06-21,59551.38
10407,2005-04-22,"On Hold",450,450,2004-06-21,59551.38
10164,2003-10-21,Resolved,452,452,2003-11-15,27121.90
10170,2003-11-04,Shipped,452,452,2003-11-15,27121.90
10392,2005-03-10,Shipped,452,452,2003-11-15,27121.90
10164,2003-10-21,Resolved,452,452,2003-11-20,15130.97
10170,2003-11-04,Shipped,452,452,2003-11-20,15130.97
10392,2005-03-10,Shipped,452,452,2003-11-20,15130.97
10164,2003-10-21,Resolved,452,452,2005-05-03,8807.12
10170,2003-11-04,Shipped,452,452,2005-05-03,8807.12
10392,2005-03-10,Shipped,452,452,2005-05-03,8807.12
10196,2003-11-26,Shipped,455,455,2003-12-05,38139.18
10245,2004-05-04,Shipped,455,455,2003-12-05,38139.18
10196,2003-11-26,Shipped,455,455,2004-05-12,32239.47
10245,2004-05-04,Shipped,455,455,2004-05-12,32239.47
10242,2004-04-20,Shipped,456,456,2004-11-13,27550.51
10319,2004-11-03,Shipped,456,456,2004-11-13,27550.51
10242,2004-04-20,Shipped,456,456,2004-04-30,1679.92
10319,2004-11-03,Shipped,456,456,2004-04-30,1679.92
10126,2003-05-28,Shipped,458,458,2004-11-15,33145.56
10214,2004-01-26,Shipped,458,458,2004-11-15,33145.56
10348,2004-11-01,Shipped,458,458,2004-11-15,33145.56
10126,2003-05-28,Shipped,458,458,2004-02-06,22162.61
10214,2004-01-26,Shipped,458,458,2004-02-06,22162.61
10348,2004-11-01,Shipped,458,458,2004-02-06,22162.61
10126,2003-05-28,Shipped,458,458,2003-06-13,57131.92
10214,2004-01-26,Shipped,458,458,2003-06-13,57131.92
10348,2004-11-01,Shipped,458,458,2003-06-13,57131.92
10166,2003-10-21,Shipped,462,462,2005-04-15,30293.77
10321,2004-11-04,Shipped,462,462,2005-04-15,30293.77
10388,2005-03-03,Shipped,462,462,2005-04-15,30293.77
10166,2003-10-21,Shipped,462,462,2003-11-08,9977.85
10321,2004-11-04,Shipped,462,462,2003-11-08,9977.85
10388,2005-03-03,Shipped,462,462,2003-11-08,9977.85
10166,2003-10-21,Shipped,462,462,2004-11-27,48355.87
10321,2004-11-04,Shipped,462,462,2004-11-27,48355.87
10388,2005-03-03,Shipped,462,462,2004-11-27,48355.87
10193,2003-11-21,Shipped,471,471,2004-07-28,9415.13
10265,2004-07-02,Shipped,471,471,2004-07-28,9415.13
10415,2005-05-09,Disputed,471,471,2004-07-28,9415.13
10193,2003-11-21,Shipped,471,471,2003-12-10,35505.63
10265,2004-07-02,Shipped,471,471,2003-12-10,35505.63
10415,2005-05-09,Disputed,471,471,2003-12-10,35505.63
10157,2003-10-09,Shipped,473,473,2004-02-17,7612.06
10218,2004-02-09,Shipped,473,473,2004-02-17,7612.06
10157,2003-10-09,Shipped,473,473,2003-10-27,17746.26
10218,2004-02-09,Shipped,473,473,2003-10-27,17746.26
10199,2003-12-01,Shipped,475,475,2003-12-09,7678.25
10215,2004-01-29,Shipped,475,475,2003-12-09,7678.25
10199,2003-12-01,Shipped,475,475,2004-02-13,36070.47
10215,2004-01-29,Shipped,475,475,2004-02-13,36070.47
10184,2003-11-14,Shipped,484,484,2004-10-26,3474.66
10303,2004-10-06,Shipped,484,484,2004-10-26,3474.66
10184,2003-11-14,Shipped,484,484,2003-11-29,47513.19
10303,2004-10-06,Shipped,484,484,2003-11-29,47513.19
10109,2003-03-10,Shipped,486,486,2004-04-14,5899.38
10236,2004-04-03,Shipped,486,486,2004-04-14,5899.38
10331,2004-11-17,Shipped,486,486,2004-04-14,5899.38
10109,2003-03-10,Shipped,486,486,2004-11-23,45994.07
10236,2004-04-03,Shipped,486,486,2004-11-23,45994.07
10331,2004-11-17,Shipped,486,486,2004-11-23,45994.07
10109,2003-03-10,Shipped,486,486,2003-03-20,25833.14
10236,2004-04-03,Shipped,486,486,2003-03-20,25833.14
10331,2004-11-17,Shipped,486,486,2003-03-20,25833.14
10149,2003-09-12,Shipped,487,487,2003-09-28,29997.09
10219,2004-02-10,Shipped,487,487,2003-09-28,29997.09
10149,2003-09-12,Shipped,487,487,2004-02-29,12573.28
10219,2004-02-10,Shipped,487,487,2004-02-29,12573.28
10186,2003-11-14,Shipped,489,489,2003-12-04,22275.73
10213,2004-01-22,Shipped,489,489,2003-12-04,22275.73
10186,2003-11-14,Shipped,489,489,2004-01-31,7310.42
10213,2004-01-22,Shipped,489,489,2004-01-31,7310.42
10207,2003-12-09,Shipped,495,495,2003-12-26,59265.14
10243,2004-04-26,Shipped,495,495,2003-12-26,59265.14
10207,2003-12-09,Shipped,495,495,2004-05-14,6276.60
10243,2004-04-26,Shipped,495,495,2004-05-14,6276.60
10138,2003-07-07,Shipped,496,496,2005-05-25,30253.75
10179,2003-11-11,Cancelled,496,496,2005-05-25,30253.75
10360,2004-12-16,Shipped,496,496,2005-05-25,30253.75
10399,2005-04-01,Shipped,496,496,2005-05-25,30253.75
10138,2003-07-07,Shipped,496,496,2003-07-16,32077.44
10179,2003-11-11,Cancelled,496,496,2003-07-16,32077.44
10360,2004-12-16,Shipped,496,496,2003-07-16,32077.44
10399,2005-04-01,Shipped,496,496,2003-07-16,32077.44
10138,2003-07-07,Shipped,496,496,2004-12-31,52166.00
10179,2003-11-11,Cancelled,496,496,2004-12-31,52166.00
10360,2004-12-16,Shipped,496,496,2004-12-31,52166.00
10399,2005-04-01,Shipped,496,496,2004-12-31,52166.00
